{
  "project_info": {
    "project_number": "96638416318",
    "project_id": "myfilmsapp",
    "storage_bucket": "myfilmsapp.appspot.com"
  },
  "client": [
    {
      "client_info": {
        "mobilesdk_app_id": "1:96638416318:android:67c49ae3883af353a2f5ef",
        "android_client_info": {
          "package_name": "com.example.myfilmsaplication"
        }
      },
      "oauth_client": [
        {
          "client_id": "96638416318-berm82ov9of4derja0afjj0586eqslsc.apps.googleusercontent.com",
          "client_type": 1,
          "android_info": {
            "package_name": "com.example.myfilmsaplication",
            "certificate_hash": "68022251361643d5f3cd7dc48ea2b104853618ed"
          }
        },
        {
          "client_id": "96638416318-1lfno7vt5b1bsbou9n5be7b0ushpub1b.apps.googleusercontent.com",
          "client_type": 3
        }
      ],
      "api_key": [
        {
          "current_key": "AIzaSyCdtvXjwHzZ1txNboqf_0rupDiJM-5x4OU"
        }
      ],
      "services": {
        "appinvite_service": {
          "other_platform_oauth_client": [
            {
              "client_id": "96638416318-1lfno7vt5b1bsbou9n5be7b0ushpub1b.apps.googleusercontent.com",
              "client_type": 3
            }
          ]
        }
      }
    }
  ],
  "configuration_version": "1"
}